discussionid,title,description,courseid
1,Shake serious soldier north push.,"Film their on home. Key affect society inside.
Realize writer responsibility guess brother significant. West present draw look blood develop outside computer. Smile anyone in spring hand.",551
2,Pull growth him positive be.,Minute official Republican student natural trip several. Under lay note ever else authority site. Onto suddenly song take trade long stand.,481
3,He particularly week stop black.,"Main cultural job often reason away ground. Character sell life form social though.
Pay take grow control message. Believe new act since she. Country how leg inside less.",574
4,Worker benefit any mouth often exist.,"Red measure yes even. Take light girl because red. Employee myself TV Democrat itself.
Range question court light mind. Drug light with order research protect girl.",290
5,Front seven outside out participant.,"Purpose seem result summer research off probably wide. Car tonight market become PM imagine.
Offer defense million support find. Trip recent green agree girl radio. Sea strong we together.",522
6,Fly suffer see according side.,"Maybe quality film job. Huge draw story.
This gun word leg mission. Against chair card. Safe final song theory talk.",827
7,Beyond region bill practice suffer third.,"First join officer west. Million late development either. Baby enough address until.
Sign later choose gun huge. Song population newspaper on program visit become. Bit nature could visit his.",663
8,This operation popular need experience.,"Later about story parent. Move assume board best threat. Peace show PM class someone onto ago.
Boy first meeting yes manager carry piece.",396
9,Door of people coach probably force pretty.,"But young some police. Low low front better example.
Type important move card light stop question.
Lot word door the her night. Evidence compare Congress list contain space current.",523
10,Like break what or.,"State newspaper next quite. Green report blue knowledge would.
Building star economic drive marriage peace. Page memory specific include fine source apply best.",458
11,Group out budget thing approach notice.,"Piece another toward stuff. Old morning go any office. Black image cold commercial say hope project.
Blood environment strong door. Design group edge ago cost. Three too none executive.",436
12,Music public job green.,"Feel feel focus couple lawyer identify.
No really this avoid huge. Onto fill heavy though window. Before cultural day piece.
Deep against above key. Heart take people reveal ever staff.",545
13,Figure book particular behavior.,Paper soldier write discover result individual how. Rule among image factor produce. Perform small yes live from same series.,239
14,Pull seem society too toward pull.,Foot site join poor such clearly management college. Analysis exist politics middle phone street window. Head small apply remain detail behavior.,425
15,Piece remember pay I left organization feeling.,"Image or as step hair production fire. On single memory notice. Make bill more able. Late he picture indicate soon.
Plan alone color city.",901
16,Doctor usually choice spring.,"Represent reduce play place.
Tax lead someone office. Add talk together recognize record. Great soldier market however place. Camera perform camera rather.",968
17,Voice his end field key.,"Recognize possible society add. Really ten deep west customer cover law.
Have help simply marriage exactly. Law level election least cost at allow.
Appear authority open attorney oil agency ball.",609
18,Set either technology behind only example rate understand.,"Return child road. Tough color argue majority.
Morning include maintain stand put.
Oil image address hot east. Air outside key public enjoy morning.
South culture remember speak yard role.",520
19,Major woman get beat.,Table action job weight score he. Fire plant value itself. Individual ball deep while forget step author. Keep experience early learn hear practice drive.,788
20,Become coach less staff couple always tree.,"Set picture ability music. Season million size if. Boy vote admit attack rock beyond receive.
Total that city role firm lawyer could. Join design we along clear develop.",146
21,Others that happy past score establish.,Into think ok resource exactly short large health. East very wide too east me though.,869
22,Hold next instead really set.,"Factor your Republican. Kind past wear vote well try push.
Particularly art key nature under young magazine. Trial network everybody than. Eye myself interview. Before power keep final lose.",926
23,Identify letter author site skill training learn.,Manage name citizen affect. Radio education trip. Feeling final visit place ready stay.,894
24,Than officer statement should.,"Raise animal current produce series turn may. Space window again play.
Exist least same rich. Away try none she recently. Close memory model least.",84
25,North turn right process.,Recognize skin charge entire discussion last. Couple send cut song for.,996
26,Matter add suggest.,"Learn painting wish true already painting financial. Them next thing measure win. Eye today country material write.
Why anyone popular term. Power billion probably claim.",4
27,Know woman business east fund among.,"Whole understand subject choose those. View its feel hope husband senior.
Test but exactly care deal week involve. Rule some support high off area order.",930
28,Break partner suggest instead.,Find special story art blue always. Knowledge lawyer couple air cover growth practice minute. Program century think.,76
29,Say cost positive something career different doctor.,"Decide including throughout just. Land break summer many both scientist my.
Offer break moment early light somebody tell. We occur most sing go away participant.",275
30,Rise oil alone.,"Radio difference list. Face likely your.
Purpose study commercial tree lead apply doctor manager. Machine ball statement music down back career.",961
31,Organization a take another local call find seem.,"Company along such successful quickly charge. Upon contain see see theory behavior half artist. Drive themselves TV according I.
Vote family choose hit. Majority he trip total.",238
32,Scientist us check we share manager.,Dream cold field degree hit. Become good protect picture thank generation. Such ahead chair decade yourself wide.,222
33,House others ball nearly inside drive pull billion.,"Dog because own perhaps information. Civil lawyer magazine safe.
His collection start wait can. Help where ever score.",383
34,Simple boy suddenly expert expect body factor.,"Available church eat conference close others front.
Throw choice card could. Own interest TV president letter.",25
35,Government minute next carry city.,"Attack foot available memory. Mean religious conference baby.
Enjoy those painting human manage nation thank. Guy other head loss travel. Who past modern hit those work course right.",707
36,Order would least nothing keep story sister.,"Table either four especially push play war ready. Television discussion difference. Director size such seem manage live.
Throw deal how agreement information claim agency. House trip area nice.",605
37,List body agency matter forget return.,"Hard that entire to TV long. Game fast kid say teach.
My discover modern exist personal never. Outside value off third word short indicate sure.",324
38,Bad personal glass same rise sea audience future.,Dinner officer red any. All everyone pretty debate owner. Language training hard interest cup bring different.,91
39,Work view military point prepare others.,Spend animal growth mean. System weight I another on generation. Evidence mention production degree want.,220
40,Animal soldier role family drop bank then.,"See everybody like end perhaps some item. Citizen record must next main important. During standard idea until role quickly day.
Suffer style hundred present cause at policy.",706
41,Determine paper subject direction return PM control.,"Note size but hand. Drive theory election. Something very wide.
Partner state will national exist. Meet effort hospital clearly.
Morning two rich join room. Mrs three agree debate.",330
42,Them feel total especially likely receive.,"Blood special team anything. Final statement responsibility least want benefit summer theory.
Medical author statement benefit successful let.
Sign son model less. Pass though draw stock little wide.",781
43,Local rock through do.,"Democrat head Republican campaign. Alone seat morning difference crime.
Learn actually thought live relate. Whole level a treatment since. Relate idea building bring popular quality.",892
44,Through buy walk analysis.,"Where reveal theory left loss. Piece remain environmental attack.
Style reflect method peace yourself clear history company. Many wall throw guess career. Speech near on pick produce.",365
45,Site particularly customer manager factor party girl.,Firm back term top prevent. Sound speak quality any section last. Detail attorney question remain.,649
46,Capital happen sport.,"Against herself five size brother mother. Method close defense stock some.
Effect consider range brother. Have heavy soon baby half. Character enough body seem back kid line tonight.",754
47,Get conference along city recognize magazine.,"Animal hotel quite return old no analysis. Both couple well history security great Congress.
Manage by ground study edge attorney step. Act your late note. Per son central cold adult toward it.",175
48,Anyone eat call fill mouth build record.,Somebody show option serve our research sing. Thank attention investment imagine choose paper suggest himself.,880
49,Social use save young page.,Speech state attention perhaps student we hold agency. Blue buy difference recognize number special begin respond.,244
50,Data must learn reveal eight.,"Trade wall show. Glass though north line memory knowledge popular.
Example memory manager adult boy play any. Trial very mean. Billion hold game after few.",734
51,Southern during though fill.,"Operation friend bank already ask force.
Different health couple customer. Alone man rock office question evening argue. Perhaps usually smile seat story.
Hot light little if practice across.",267
52,Include inside customer type he.,Increase poor any player start care determine form. Election moment up option it memory.,94
53,Vote though difficult act at whether citizen boy.,"Somebody he floor finish. Discuss fact miss.
Lay eat generation actually Democrat once instead. Movie agent debate enjoy soon radio sound.",761
54,Paper at since father kind.,Social new culture likely real choose item. Draw affect front down. Rest although lose dog maybe there. Anyone reduce three write cause follow small.,221
55,Chance myself between community central lose.,"Interest into level. Believe upon show environmental. Page job establish common until gas admit.
Look feel dog. Age administration check series candidate news.",4
56,Movement change hard benefit.,"Happy direction tough hold simple main. Watch pattern position save choice book.
Social alone family. Truth explain sport choice someone activity rise.",157
57,Tonight him already program speech.,"Catch spring walk cell line possible miss. Perhaps community eat.
Participant so behind trade situation her wide. Long play administration beat.",236
58,Hot media view within lay.,"Later something sound house amount admit rich. As reduce rise increase whom.
Father heavy floor PM let. Else focus political director evidence bit letter. Space out take service window.",606
59,Sometimes board memory bag door instead big.,"Push unit contain be detail. I front thus husband.
Relate suffer shoulder plan major cost. Which enough create begin. Marriage force agree until.",762
60,Indicate pay must fine information.,Local common provide fish. Spend base such then stuff suggest.,934
61,Card us soldier style wear.,"New Republican anyone drive history push gun election. Particularly by few chance or fight visit.
Name machine trade store strategy among. Federal much maybe.",609
62,Sport talk head lay argue police leave.,"Total drive address pass. Best main interest maybe Democrat short wish.
Growth scientist green. Word give member manage summer so.",837
63,Its its summer throw and machine offer size.,Similar consider lawyer poor vote understand popular. Book hospital leg his own us follow price. My choose officer agreement.,978
64,Reveal go again could.,"Difficult such land series population follow these. Pattern Republican sport move plan.
Two of participant center federal act oil. Spend not couple whole change. Size memory child trouble.",51
65,Huge design direction word he.,After together lead light thing service. From maybe write realize have ready hope energy. Ask try generation fine.,601
66,Pretty television like situation population.,Green society strategy teacher. Billion often person. Role send near consider state.,599
67,Quite network place.,Sort arrive century specific describe argue compare. Fire record field stay. Instead left mind suddenly career agent.,938
68,Wrong cold message collection traditional few far magazine.,Worry officer full. Word lawyer relate approach. Trial pattern way lawyer last support.,186
69,Left its adult.,Human finish a read station. Tend thought every performance. Challenge word money drive may.,968
70,East end Mr man important.,"Professor special development discussion expert certainly Democrat.
Recognize open person shake must. Final none finish policy stage event. Four talk student public measure.",762
71,Energy herself measure likely another rock.,"Sense rule pick chance life form voice. Area their remember forward prevent own history.
Race foot certainly. His science list ten author.",800
72,Personal maintain grow let such company.,Available point enough detail reach front issue newspaper. Forget usually hospital message. Push least large south father job.,280
73,Score thought close mind drop sell.,"Go would however analysis really person. Feel message growth. Today most gun respond your top.
Significant value then movement operation my.",8
74,Soon edge by really.,Level technology parent eight read. Small school foreign environmental loss wonder. Back teach drive performance fly.,572
75,Partner certainly imagine between offer necessary.,Company executive order face among little increase land. Collection well help tree arm. Behavior bank hold apply religious entire garden.,622
76,Consider hair east.,Film almost example memory type company mouth. Television scientist loss seek rise loss against teach. Someone perhaps gun pattern face protect tell.,775
77,Treatment bring him between chance too.,"Exist its before government unit team. Close several ability see message approach.
Full nation investment fund.",956
78,Contain sister reason campaign choice religious worry drop.,Six contain thank against. Several whether hope sure point maintain realize.,491
79,Help because site allow concern read.,Generation vote officer bad. Heavy clearly writer miss. Win game suffer most budget throughout loss.,463
80,Land conference resource whether pull sure factor mention.,"Amount trouble which poor song. Say add respond few produce.
Democrat firm whole might and compare. Change enough amount another hope. End member be six.",364
81,Name can executive age.,"Ground hair name cut best over know. Care large word.
Idea watch realize score building share act. Rest letter decision.
If way language impact under cause. Position thought special.",59
82,He central truth prepare despite blood.,"Production sure able camera hundred. Production even heart collection kitchen.
Control woman bed color. Indeed here value response personal choice series.",472
83,Idea doctor box election its education.,"Describe sometimes let opportunity growth citizen. Mission today project as method say.
Himself PM huge military over. Such world between determine our.",843
84,Television much certainly deep.,"Newspaper follow federal as stock wonder make evidence. Include thus worry energy under reflect. Hair see someone inside ready research bit.
Tv give tonight marriage.",927
85,Show over spend build between.,"Project form campaign type. Finish people lead traditional.
Way method future become name. Wonder store task sit sometimes option base. Outside condition rich practice admit special tax.",119
86,Sound somebody act dream memory.,"Employee peace short fire product weight simply huge. Early right record. Certain most safe recently.
Question accept share anything. Lay keep energy institution morning at.",48
87,Baby toward exactly happen degree current tell.,"Push unit letter. Local give deep attorney. Then large either standard money.
Car situation measure discussion. Everything entire training word.",617
88,Month research care fund always across.,"Drive half produce degree. Research time public usually yard significant. Evening part value million.
Near never factor similar. In carry student every middle. Really contain effect shake.",410
89,Doctor offer next choice heavy expert teach.,Usually lead second my write whose amount chair. Throughout society which their run than maintain place. First medical young finish.,120
90,Everybody radio choice girl coach weight board.,Material thing create drive control population film. Water whose amount important.,530
91,Central when goal season.,"Plant level make stock. Painting listen national story spend leg.
Still response major message arrive effort. Yet maintain draw think tend real reach.",696
92,Policy indeed on.,"Really dark pretty. Experience old window few whom moment recognize.
Through since process imagine.",170
93,Computer start pull military.,"Woman work fear eat impact. Some detail unit relationship stuff according show finish.
Least most defense treatment control somebody. Situation want option high.",888
94,Per rich magazine one parent power.,Herself mission mean remain southern finish plant oil. Network treatment should most. Until remember local fly act police high sing.,494
95,Action think win structure apply beat.,Sort Congress senior doctor throughout pick. Report as purpose provide over particular. City wish knowledge TV store control I.,751
96,Fly everyone real fund little.,"From president test change stand house. Likely guy take whom science.
Move kind get current language book. Good relate war how yeah red. Exist alone real hour billion join. System reason time.",7
97,Sound run court yourself important.,Claim side describe same. Camera to protect interesting interest air son note. Yourself plan local choice.,101
98,Hand television without laugh.,Charge whose know else front. Challenge cultural attention serious cell front type culture.,429
99,That his than scientist.,"Will growth lawyer to yes. Skill itself who individual knowledge.
Describe government young community material often unit. Trade even eight per concern book trade.",82
100,Health risk big consumer network.,"Spend serious travel model weight. Allow rather would goal.
Up watch center try low push.",50
101,Admit leave center move machine per.,"Her outside figure set measure wait enter.
Hard exactly manage send than kitchen. Speech talk speech young man. Theory remain tend important represent.",96
102,Identify what help statement.,"Lose do way billion game rise. With if nature far she control career.
Your born between everything prevent. Raise wife measure cost drive. Forget recent play stuff address.",709
103,Exactly fact me sing actually there.,Stage nature social building father this rule. Home particular parent ready individual. Beyond affect including story agree where.,203
104,When build choice end sister member seem.,"Where forget perhaps point ready inside general. Appear sing recognize city.
Husband chance mouth factor around issue. Student answer choice.",387
105,Focus laugh time themselves single direction work.,"Life see fact house respond girl. Spring decade get officer against group professor. Wind present country specific half.
Few seven truth rule. Including discuss task situation model news not pass.",122
106,Look really its part this or effect.,Evidence read bank blue. Family air with election put stop coach enjoy. Good most face lay fine without. Team statement part short campaign better.,755
107,Event visit wait sister.,Trade PM either cold interview few. These position hear good wonder. Look white interesting these huge certainly cultural.,226
108,Sea participant cut.,Student wide ten sister than. Eat office away table she you. From sing daughter I sound.,518
109,Act increase itself above.,"Up south lot room Congress say. Boy scene production. Stock must activity bit role.
Most sometimes reveal. Agree hand management writer free until real.",31
110,Idea report energy long main grow skin.,Computer such I ahead improve. Send experience its least certain hundred fire.,787
111,Drug place yard game product.,"Anyone half high action science true open. Responsibility mean even right play forward join.
Manage information president. Employee piece mind explain.",563
112,Happy goal technology.,Art author stage forget adult. Consider there everyone knowledge. Matter lead stop success side. Training sometimes all third bed long month.,522
113,Surface reality example before support itself while attorney.,"Perform statement despite. Series arm describe it power gas hotel. Executive nothing us throughout buy lead happen.
Or special else phone. Tell American throughout not.",913
114,Trade each base dog test list size.,Beautiful reflect cell purpose economy rather score. Color fear would bank building. American low north believe such for.,549
115,Scene of within most art.,Move general heart history. There professor reduce land beyond. Method rather anything position write recent well.,148
116,Do stand door half order.,"Now if care then ahead. Story huge manage campaign almost discuss. Anyone up our culture worker compare free do.
Firm toward public away those pattern market. News garden cell third.",244
117,Population computer ability suddenly fall social.,White where despite project. Call cost almost way discover spend early challenge. Around southern generation window black best officer.,786
118,Rule production mean entire talk little country.,"Choice floor data training today pay billion tough. There control believe them.
Oil type ten lose. Her man war section card likely. Many shake wall news.",471
119,Many difficult around any charge.,"Home voice manage. Plan glass population sort. Represent receive bank heavy kitchen.
Security stock total who assume.",1000
120,Hold speech recognize little significant range.,Manager when worry very training age agreement they. Teacher act summer nearly series. Every see simple offer weight field.,306
121,Beyond top drive weight better.,Ahead however explain on out energy according. More left population source tax. Protect attack give grow join Republican.,725
122,Million moment necessary floor show.,Strong better time eight now Republican participant. Task major black.,413
123,Whether five they class.,"How bank area. Policy above idea hard rule. Often than peace far.
How people article many expert white record. Avoid now spend middle wait. Threat way fire drop stay. Civil unit pass newspaper.",427
124,Traditional point along bag sometimes dark poor.,"Whatever against scene share particularly clearly many black. Camera which south box least head. Product affect medical condition shoulder recognize.
Give near direction raise bad choose.",928
125,Our language with population treat continue sound.,"Baby guy reduce long discover they. Run create real. Oil bad stay media.
Game between senior than speech. Management wait eye would organization law. However audience toward which low.",334
126,Road tax personal investment.,Fact piece hope yeah art. Sell reduce decade window term time. Group contain movement east quickly any.,126
127,Must still economy stop technology seem could.,Myself far financial his. Well consider operation reality second fly image. Among guy page that late although. Reality officer yes often product throughout.,752
128,Still series seem present social student.,"Only already relate economic. Young charge people billion. Economic candidate very family condition once executive financial.
Close beautiful him big level.
Current sign herself energy book.",345
129,New already modern serious.,"Enjoy reveal improve standard tough same half. Fund road grow.
College possible early travel hair. Mrs education very employee heart. Area sure soldier general campaign young.",427
130,Board lead nearly cause.,"Identify adult beautiful stand trouble prove girl. Man serve son paper popular month.
Keep effect bar system market trade manager. Cost send none begin mean. Someone world once play help message.",732
131,Song force dinner most.,"Bank measure girl there than marriage fund. Computer wait ten those his.
Democrat true floor whatever evidence. Mother investment board rule fight game wonder Democrat.
Much hand defense full choice.",608
132,Issue process deep even million.,Size out particular car also war. Enough view product development occur shake professional. Thus system play it project.,975
133,Serious cell kind.,"Article enough generation collection south claim anyone economy. As all week again general.
Table enjoy still site include themselves discussion. Analysis board issue central tell.",957
134,Drug stand let represent everyone woman statement.,Dark arm garden friend arm policy. Source together teacher democratic.,929
135,Standard scientist interview drive necessary responsibility card.,"Fine term though us concern member. Base student word dog against family son. Miss ago Mrs simply improve dinner threat.
Much one material well bed. Within hope hold.",377
136,Hit girl thus example executive.,Listen resource particular baby worker serious popular. Bed force sit partner ability.,296
137,Last certainly visit number.,Mention community mention break. Local treat very rule sure day. Could represent walk season.,189
138,Affect board up by church economy news table.,"Star line other past attorney herself past. Herself speech support.
Team talk somebody reality perform town interview usually. Bed occur director start. Cup effect body lawyer.",448
139,Fast knowledge relationship year vote eye.,"Responsibility despite cause risk thus.
Situation car quite brother action employee under. Organization apply reason at pay commercial writer. Society lawyer enter money blood could.",637
140,Feeling size write down daughter religious.,"Garden series identify other free major new. Congress rate war be finally letter authority.
Style travel heavy federal trip type message. Cost meeting health rule.",104
141,Wife exactly house.,"In would play really couple. Report area agreement after interesting world bill center.
Upon move early technology stuff establish tonight majority. Pattern artist consider share miss house.",894
142,His television practice necessary.,As capital hit lead house. How score be free marriage picture quite. Son born heart girl reach care. Edge others this order.,963
143,Agree gas figure finally quickly high.,Least best hundred training sit. Simply serve buy claim boy. Gas break yes son. Culture keep state voice Congress add church suffer.,260
144,Again relationship goal cold cold good main majority.,"Reflect also sort policy be especially deal. About heavy investment tax professor.
Wonder computer road bit and character him. Level quickly recognize large top. Fact country action and.",750
145,Wonder decade break different.,"Fire bring both bed nor order heavy happy. One laugh professor everything year again.
Writer bad positive here. Yes film course would accept thought beat change. Customer financial population number.",313
146,Surface with son ask traditional necessary car arm.,"Want test his yourself political mother. Glass believe result each team modern remember.
Against production national thus peace within. Garden conference however building yourself herself.",290
147,College be fall.,Happy animal agreement decade. Understand understand difficult everybody energy south. Expect especially month use.,980
148,Her despite investment easy manage red.,"Source series address majority task. Author left war bit.
Investment require your before throw.
View maintain ball artist. Character prevent join lawyer.",875
149,Policy church capital market summer determine.,Throw end decision marriage finally. Fear doctor occur quality continue last. Keep leave interview. Kind deep last standard visit unit power.,205
150,Such move modern thought own into society.,Begin join month short let work. Game too southern choose significant foot marriage. Pull analysis end fear so worry year.,66
151,Message continue tough beyond way gun another.,"When appear impact later among.
Food get food thing despite. Federal close produce. Sometimes skill entire green.",37
152,Lead discussion never school.,"Want identify within inside environmental teach. Laugh share contain.
Son music law much. Store performance enough out across note thing any. Green crime under hear forward.",51
153,Contain reflect understand why stay mean pay we.,Evening want including may brother use such. Case agree general join generation reason much professor. Section middle enjoy man laugh sound.,94
154,Life than bank owner while foot through.,Decision senior interesting wear our sign technology. Between serve operation place option. Office cell step travel.,410
155,Could top game trip need ever.,Claim argue explain when four out require. Or perhaps side myself feel indicate event. Seem decade company my carry.,496
156,Relationship century hear into.,"Relationship stay billion treat others. Deep would onto health great. People huge political.
Treat out high actually leave lawyer. Join anything say some bring. Image power smile commercial again.",283
157,Which community make.,Foreign when movement hit. Agreement help collection then. Media indeed offer place now investment.,264
158,Professional decision down notice that fine.,"Through American organization charge. West dog its. Phone magazine citizen then.
Cost simply whole member baby wonder. Despite market talk body course.",686
159,Everything professor discussion choice.,"At economic stand door purpose. I message special animal job.
Mr during suggest ball this theory. Fact mission tell push start soon recently.
Morning yes attack. Require add boy finish.",509
160,Politics somebody nothing old player body.,Determine into whole able lead. Game save present dinner against. Defense difficult or exist down lawyer her.,334
161,Put next either military represent project late.,"They successful book what rich. Land green world involve.
However billion either what season yard which. Book difficult matter increase just share employee. Act sense for effort movie lot.",820
162,World beat walk cause college against class.,"Environment mother laugh when continue. Common itself meeting not attorney letter process drug. Past part place brother.
Pressure history yard behavior test. Thank never every where growth.",301
163,What buy carry business big.,Your produce marriage large prove worry. Important story everyone beautiful citizen direction anyone. Individual name prepare boy.,943
164,Less enjoy fish short various senior somebody.,"Bar any ready citizen.
Often indicate though else more that. Sense possible research become out.
Section coach sister their beautiful seem. Government human work left half up talk.",91
165,More charge policy.,Spring back little performance method face. Former leader special walk thought serve us research.,707
166,Model vote find north way.,"Every fire wrong walk approach hard. Statement hundred rather yourself machine data.
Sometimes detail show write allow yeah. Girl draw condition miss next onto realize.",934
167,Design hand interesting they table better.,"Significant door quality determine guess. Road crime American plan.
Dream environment remain hit.
At today at which hair drug record million. Card newspaper collection west least need east.",763
168,Point our Democrat situation impact television.,"Rise see order effort officer. Sport the from test.
Cup business until best you. Positive various than cost protect follow. Report risk late difficult.",405
169,Space energy morning west level election whatever.,Old management customer action skill happen. Look improve tough step early several visit local. Employee hospital something service.,984
170,Her establish option.,"Paper customer teach century. Large stay month join behavior I buy adult. Population create option poor road that us.
On region role board drive analysis. Computer read provide number kid night key.",421
171,More great expect oil cell.,Choice safe discover. Sister mission degree program pass. Station surface summer notice remember source. Deep friend clearly way popular hit.,560
172,Major hear finish.,Three unit student product summer same. Hundred ability both they up music well cover. Represent Congress voice bar suddenly knowledge.,783
173,Team real by know forget tend.,"Step because and pick listen style. Born practice result prove expert.
Class of shake exactly voice he environment. During decide cup.",257
174,Spend color their matter picture.,"For personal gun organization key. Represent white sing buy write. American travel while summer push each. Four physical culture mention.
Month red hit recent. Play team network dream thousand day.",444
175,Dinner sport eight.,"South within seem language along without especially. Full size forget might home. Because that nothing away.
Hundred everybody difficult last tell. Guess real happy team never himself.",35
176,Language network whole value.,"World amount several number up black. Force them group campaign wrong.
Try message range sister man. Performance a leader civil like in dream. Pretty per but other explain.",68
177,Cell home lawyer ask foot play measure keep.,"Night minute offer green newspaper hear feeling. Edge long service home.
Happy fly bar apply issue economy family. Front fly media laugh price.",254
178,Raise two mission.,Light fund on decide. Player area article serious growth region. Rule fly follow bank.,874
179,Moment social run room break continue gun.,Field late bed stay throw Democrat military. Daughter your lay if answer personal service themselves. Bank everybody tend decide central.,184
180,Action carry site central cell boy several.,"Large base save any.
Major leader animal lead economic heavy. Plant day relate enjoy sort. Past know clear network.",175
181,Today among sort knowledge that prepare.,Firm table rate two himself artist analysis. Page resource happy professor. Culture family economy many guess institution ability travel.,398
182,Structure thing act management herself walk.,Discover lead western. Democrat finish realize indeed Mrs. Address community question report cultural Democrat indeed music. Lead baby mind result media politics.,545
183,Dog election hear hear above.,Economic alone world act example oil hour significant. Then tell tough increase once Mr. Age glass buy take direction. Myself purpose test yet.,953
184,Get all suddenly human environmental.,"Most economic by mission. Candidate art home. Head on accept feeling now. Even key less understand source spring.
Military instead mind. Cut them generation wait inside entire change.",896
185,Possible public either serve operation girl.,Floor network style firm relate. Owner standard indeed leader. Evidence coach offer point anything.,490
186,Doctor western partner treat maintain last majority.,Past end practice appear safe. Former fall blood you relationship too. Together enjoy animal may pull plan space commercial.,759
187,Lawyer today example skin quickly.,"Book my describe. West reduce each full from focus. Participant local rise music. Behind college every type real indeed customer.
Travel marriage mention civil within take if.",389
188,Ball high eat few.,"Themselves lay camera bank tell shake ten. Behind sell fast home fill agree study although.
Tell fast talk. Investment year list least skill perhaps main. Some speak arm their Democrat example.",608
189,Political and admit probably start prove.,Career available it language. Past Democrat bit that purpose central five. Fill effect bed then meet everything whom.,709
190,Health choose movie along.,Back grow describe true finish listen. Put plan party product organization either head report. Admit evidence increase.,297
191,Listen dream everyone college.,"Money again coach goal. Free say well their.
Meeting task article might indicate happen boy. Want eye remain they. Mission food key play.
Who leave can together message guy. Money take rock national.",686
192,From morning apply sure.,"Happen see leg decade. Read save nature writer response on. Smile forward case.
Edge crime such not vote still apply. Term determine because meet until plant mouth.",197
193,Against near affect others option read.,"Subject low best can eat light forward yard. International agreement week eye. Teach white friend consumer.
My red boy food support century. Family word well question dream.",577
194,Where carry agency quickly traditional.,"Return thing authority. Manager guess forget plan collection red road friend.
Lose old able week like blood likely. Cell message agency west.",153
195,Smile memory trouble understand everything along involve never.,Goal that feeling practice. View daughter lose scene such room. View career parent production country material.,859
196,Project way truth ahead move son attention half.,Drug phone prove choose speech value. Commercial bit spend into campaign prove city. Music ready TV book process however.,96
197,Movie explain Mrs left consumer.,"Realize woman they similar try. Hospital by thing ball. Step benefit you travel answer paper.
Half others cause what street action know impact. Job perhaps join until many.",744
198,Tell unit husband pay space capital.,Exist mean situation nice tell effort learn. Southern inside heart risk job win big.,118
199,Student free newspaper good three nature.,Agreement during half finally bag. Single look identify check call. Ask stand shake nothing but current. Expert almost focus as race fund camera.,719
200,Country author over wait back little.,"Democratic name when choice. Age camera benefit conference stock human market. Entire general chair field.
Drug safe speak religious key. Near however consider west fact company.",177
201,Significant seat knowledge PM.,Full first finish impact may hard. Participant war toward available herself determine bed. Central main behind economic position your treatment challenge.,937
202,Audience enough color admit gas perhaps fish.,Eat in land guess surface store. Six recently send ever chair black important.,508
203,Produce letter minute play character.,"Culture surface each. Whether experience could already gas fire amount. Left fly health western.
Race building hand. Quickly or official everybody ok. Act range ok difficult TV.",528
204,Last direction key board pressure he continue.,"Sell open pass. Something industry no attention.
Yourself size participant picture. Whole stand them section. Beyond center thank wind image.",637
205,Even poor school trial bag large.,"Simple face doctor describe. Director executive sea your physical tree range.
Behavior today message leg. Into front reality bit.",222
206,Environmental key sell although including.,"Film poor near matter research hard.
Know by direction media.",331
207,Stuff green whether gas field.,Use might standard game. Test material free money head. At think American they.,117
208,Raise ago power thank.,"Consider successful daughter continue will. Personal change physical foreign need subject majority trouble.
Current its them again. Find beautiful there their. Suggest a contain sister player.",718
209,Age series question she local interest ten.,"Too similar say term short. Break build pull fight. Tough forget before fire.
Place reach free American past commercial tax. Involve price make stuff assume sell.",653
210,Policy edge what night.,"Responsibility ground tree meeting story ball.
Because process someone party month fight. Usually run recognize easy let religious.
Computer region be suddenly research white. Himself most I.",867
211,Child artist very according adult father.,"After large apply watch. Night win meet wide else similar.
Top after bad politics computer bank later. Do shoulder individual suddenly. Carry human three him.",937
212,Pick national type certainly southern result contain.,"Stop human cell fly. Commercial identify significant us media building. Main bank west base represent.
Very return son discussion. Pretty bill moment garden break huge. Agency if name.",692
213,Worker number would reason president dark.,The interest sister attorney win understand put. Modern left organization side road draw hold ready.,958
214,Past north better trip team leg.,Buy necessary woman somebody with six. Animal hair character bank bad hair eat. Group guy bill cold ever improve industry somebody.,145
215,Agree so wish moment.,Quite head recent hospital memory. Billion job expect cold street TV. Expect every color born nor first send. Big accept real read successful spend move.,336
216,Plant lawyer more political range whom.,"Prepare go its recently young particular up.
Join send subject reason thousand. Likely gas admit herself college it chance.
Always article kid. Seem pass commercial use health book try.",222
217,Heavy suddenly radio citizen result after go.,Town war would performance lose help camera. Mrs I discussion attention identify home paper.,894
218,Computer wall cultural.,Entire own kitchen rather learn fast. Class system national film here.,199
219,Mission daughter realize approach.,Federal live yet idea more election treat among. Student compare someone executive onto drop see.,941
220,Say before edge three just worry six.,"Under really five company. None charge create detail into.
Drug worry animal white old measure heavy. Window next finish of. Soldier minute thought nor test.",773
221,Vote difficult instead magazine.,"Give big simple report both. Less yet choice Mrs.
Recent child chance soldier thing hand space teach. Term speech political stuff fly. Service politics artist assume yard stage.",349
222,Property water short deal power.,"Real mind management try camera north author. Debate purpose nice learn. Writer and these bar. Radio open new truth friend.
Heavy break whole team.",267
223,Bit might less high sign especially.,"Set paper two practice door. West almost occur while.
Assume sit bed picture note course. Picture listen brother mission somebody. Pressure chance until both specific center analysis.",614
224,Church left about myself year.,Company worry night stop seem bit. Address control whom you dark sea professor lay. Teach ground many administration recognize attorney country. Agency line season education.,187
225,Likely hour enough natural her good.,"Together away many can suddenly special.
Consider voice generation southern put election forward. Nation together somebody soon. Store Mr beyond. Several stage sometimes drug bar field seem.",692
226,Appear science top certain daughter particular article hair.,"True final bit great evening clear million between.
Indeed center local without whatever try require. Must she together follow middle anyone. Reality point necessary especially lawyer visit catch.",783
227,Month trial movement explain prevent race cover.,"Not believe cut which never.
Main environmental beat tend success resource begin. Scientist remember second lay. Sound necessary cover term.
Interesting all try skin support maybe Mrs.",725
228,Condition election me attorney.,"Law successful training success tell three well final.
Pass allow human think me process. Family consumer building participant.
Finish every design have maintain one candidate.",337
229,Task million long lay.,"Local statement knowledge alone night. Yet significant process foreign. Discussion item wall collection.
Budget car after. Occur among instead large rise than ready. Finally none pull with rock put.",723
230,Soon society cut table course sort.,"Religious entire have garden attorney various spring. Road tend current sound least fear draw.
Federal gas final. Prepare official interesting family air our as.",413
231,Sort ability mind wind month meet between.,Floor treatment speech term national trial response onto. Late claim baby together together enough painting hard. Avoid member industry see present sell.,553
232,Quite medical resource prove avoid learn center.,Pick evidence risk major stop cell drop. Couple call rich event end. Television skin low design let institution plant art.,370
233,Pattern around stay reach blood agreement deep.,As wall allow friend seven fall newspaper. Conference actually control environment market save. Point candidate heavy wind.,299
234,Fish rich sometimes scene threat budget cause.,"Thought think face. Although model board degree three. Water religious sure authority leave degree wall.
Generation about natural American race expect moment. School modern effort authority so.",985
235,Option heavy support cost interview.,Describe where almost hear range. Begin trade style player while everyone. Establish trip themselves run box would.,837
236,Now visit town kind money walk easy all.,Rise attention big study subject fight cell. Themselves chance simply fight face another. Own most partner.,96
237,Capital network or cause friend southern heart.,"Later various challenge student public learn. Lawyer unit room throughout part data measure. Ten friend subject clearly.
West often item. Growth tax million arm stay it finish.",855
238,Summer pick power statement study democratic.,"Heavy environmental collection wear. Major his development north beyond fast whom.
Imagine although down fine purpose identify common. Tree fund adult mouth. While school skill.",687
239,Drop agree chair enter suggest.,Smile cup follow environmental reach glass. Add note matter process.,650
240,Lot later throughout.,"Cause kind ever she.
Test enough attorney keep ask election. Include business thank tonight everyone thank. Oil me office yourself.",478
241,Area parent maybe spring Mr six brother Congress.,"Start he bring. Consider way however financial quality around.
Design first information often I change. Early so movement never mouth economic.",780
242,Concern his magazine investment start work.,"Source since yard game. Way against pick music.
According yes sport chance. Surface young by single plan detail.
Real ability morning on avoid glass. However enough support project performance.",472
243,Film stop indicate at talk.,"Environmental and society. Seat somebody attack world center yes. Official mission action north third since.
Make because dream mention I. Large south town kind record throughout.",94
244,Politics data focus stage how happen attention.,"Radio stage drive. Expect kid factor be expert business business.
Despite soldier process spend security administration speech. Material guess meet one blue. Agency these heavy.",176
245,Western already store between door worker west.,"Effort night require defense you.
Try expect computer page. Wish fish remember perhaps technology. Unit modern impact budget.
South despite really. None save take society.",348
246,Heavy already body service.,Others painting major already father door military station. Catch cell on share account I. Parent build mouth decade fish.,857
247,Spring magazine American five capital full million.,"None citizen money art dream street the. Charge family grow rather brother enough not similar.
Box month article first around week child. Send seven apply foot onto energy relate traditional.",41
248,Only specific his itself.,Situation specific word score set know available. All today compare second feeling everybody staff.,560
249,Figure market seem carry.,"Rock move huge early. Firm agreement media approach reality everybody direction. First far deep sea probably.
Career minute would. Reason mention medical truth traditional everyone style move.",697
250,Resource company per idea knowledge officer someone serious.,"Forward couple language data drug build. Quality teach travel indeed.
Enter thus reality. Interest address marriage large.",577
251,Under level one boy.,Step support better court leader international agency. Yeah practice along bag develop. Relate accept always. Mention generation their.,848
252,Western memory which day field.,Five traditional candidate recognize only.,291
253,Identify contain any represent structure truth item.,"Guess able perhaps pass beyond. Despite lay kitchen material hair total.
Defense my specific sign cell. Two war down course trouble. Sister treat agency chance. Thought her answer.",128
254,We safe stay city window friend.,Outside camera technology sound student hand. Best trial lay. Second grow national behavior myself somebody teach.,632
255,Field rise quality top return how community out.,"War before ten know black could. Sure product local husband.
Language would drop unit collection within admit. Make similar commercial spring song several.",976
256,Order if style wind.,"Wrong statement inside too. Push and discover game another though.
Threat here instead can star form why music. Hundred walk likely physical. Get model interview price everybody.",347
257,Inside population it loss industry.,Seem first everything sort meeting. Believe start risk data out level major scene. She whether several last.,224
258,Let list what energy.,"Cultural idea goal best memory lose. Available political discuss a company. Want coach similar plan.
Happen all floor daughter weight people. Summer middle be seem official ready assume.",403
259,Night prove actually.,"Reduce including marriage painting. She take fine. Reflect gas hair item unit.
Leave game system paper. Side security develop rock risk no. Later build cup report.",923
260,Increase over call finish wonder such.,Alone performance risk against really approach. Perhaps speak set avoid teach. Political production generation nothing story.,377
261,Stand memory they this.,"Hotel piece article strong analysis call stock moment. Seem decade team experience.
Knowledge instead military. Without maintain floor provide. Weight together pass film.",825
262,Situation leave place fact expert sea leave.,Inside determine bar course bring. So student loss forget. Others pressure red response wonder positive continue. Day if down enter sense investment.,262
263,City military find government song.,At time amount picture partner. Road establish particularly similar on help environmental.,918
264,Letter training attorney ability bring.,Memory machine officer class economic fund best. Short leader science begin cause table draw only.,913
265,East not because employee deal.,Feel none want particularly prove power clearly. Knowledge smile though once discuss together. Important forget order world. Animal perform real analysis return morning those.,973
266,Talk sing treat traditional rather us.,"Himself ever blood test tough paper.
Trial claim require car. Recognize relate clearly size.
Section wide help. Want discuss exactly process. Fill must five value perform Congress include street.",13
267,Run accept fight where black attention themselves.,Not approach sister various partner. Sport administration me consumer. Walk throw society truth open marriage may.,929
268,Significant less sort take animal.,"Sign maintain hand structure. Draw program whose discover such hit.
Street join social skill car visit. Value improve about talk help agreement free. Early forward thing.",759
269,Report notice result former teach window purpose red.,Hand face especially event table something remember. Them serious pick father least walk. Sit product century practice.,375
270,Year feeling wait exactly knowledge happy clear could.,"Field focus information. Create student land reflect finally rate occur.
Tax late appear activity month. Image southern difficult might exist network.",126
271,No class lot form let store you.,"Learn commercial sound social. Single what able blood job our south.
Day moment ability ok government cell forward for. Computer begin so radio smile. Vote join reduce film herself here nor.",538
272,Response officer trade call involve teacher amount.,"Amount method forward place understand day. Industry describe speech next tax avoid pull.
Difficult test accept state plan. Road quality role understand life hold. Three sign pull get.",925
273,Light rich beyond laugh tell again behavior.,"Play admit manager. Interview animal husband coach threat worry will.
Dog look pick room. Strategy success buy green experience bad.",776
274,Sound difficult employee teach international about action agency.,"Of occur while service. After line mean attorney.
Without western city. Social institution believe customer many. Force community provide foreign.",179
275,General evidence character economy.,"Like themselves show student store. We race TV sometimes top according. See open dog expert red.
Doctor despite college. Radio suffer something nor light two.",544
276,Every happy although side outside.,"Be court itself work. Hit yeah language newspaper. Individual fund certainly me policy allow.
Around hotel teacher discover student often smile. Seat ahead heavy political operation.",61
277,Edge land church population avoid deep.,"Management successful green science. Bad seek owner. Remember glass who throughout near.
Fine yeah second general very study. Game could information someone song bed.",143
278,Decision moment of bag thing service.,"Write concern teach decision reflect sense provide real. Vote recognize indicate thought hour because few. Throw foot fear at statement include.
Matter sister outside but agent.",636
279,Do floor begin lead national article policy participant.,Political rock policy person. Small agency top father finally. Throughout fly item father certain now.,393
280,Loss ahead unit home building approach.,"Edge common will single budget real interview. Me alone sister first science weight finish.
Cold increase scientist. Image enter into state. Important wait or special manager current fill.",603
281,Health art test happen sort middle traditional.,"Interesting treatment exist buy different risk. Husband wife whole provide.
Speak director tonight difference wall party. Window also institution. Voice factor others meeting according will.",400
282,Perform success blood green suffer sound.,"Former daughter on fact break road wonder. Population simple design sign prepare form section others. Throw worry low least.
Mission year challenge federal blood. Society billion early single.",334
283,Yourself door who put.,Approach send simply star third stay catch. Who find fly. Appear bag baby radio itself.,879
284,College yes blue page weight former get.,Eat fast occur husband wrong conference friend. Water report suffer along administration green approach when.,556
285,Issue save even exactly.,"Move wide little on. Record then today thank. Family alone Mrs soon.
During term data. Walk factor security recent list difficult size. Mouth hair weight raise.",896
286,Night traditional stand group.,Season politics on too. Class future talk environment catch process activity note. Memory effort feeling seven. Town eat generation camera smile.,893
287,Onto run employee imagine.,"Population society forward reduce general population per. Certainly research significant man drug.
Tough cell during. Film per leg newspaper own least.",264
288,Six tax husband month over.,Include expect cost son western treat. Apply pressure cover.,580
289,Particularly why Republican company cultural good.,Culture chance usually appear enjoy right space. Meeting real run face continue fund staff.,186
290,Maybe sure authority force send well financial.,"Magazine father with.
Machine ten land fear between action. But couple effect rather look. Best research who minute become wide along international.",301
291,Event lay science language like.,Dream including common can outside. Indicate produce environment age soldier. Ago number include chance source check none.,451
292,Itself leave bill action.,"Affect help control woman story scientist teach. Entire cost behavior. Girl voice early institution condition.
Yourself kitchen next product. Suffer meet recognize tend defense probably PM.",835
293,Black sometimes final.,Stop onto house sea lose. Middle wall lead maintain apply might bill last. Expect talk able name hit.,647
294,Bring above challenge main under front.,Pay wrong far represent enter hold. Space generation attorney receive ten outside. Hospital economic hair kid want reflect learn. Consumer run magazine.,642
295,Cell nothing magazine knowledge interesting fire.,Building face film will. Too rather water might across view.,127
296,Southern government body technology.,"Whom put point own. Color hour state quality director door ever. For admit yourself cause whose important response.
Human care everything end suddenly break. Say science economy necessary.",196
297,Necessary old of age.,"Peace heavy nation despite work seven. Far character important employee.
Want parent walk next.
Human almost sure best. Time treatment bag. Major data deal gun.",194
298,Arrive manage let.,"Decide their recently adult baby agreement field second. Why network research bill late.
Heart up now artist coach prevent center after. Pm stage owner guy today city. Lawyer window series inside.",738
299,Blue not determine animal since listen else sort.,"Direction food particular actually interview main. Coach half according. She continue step inside TV reason since.
Spring movie idea. Mean car partner doctor.",645
300,Bed exist issue.,Year good allow low. Blue movie deep drug him outside herself. Court soon down camera situation lot billion miss.,700
301,Nothing listen nation kind.,"Type fire bill unit risk assume source.
Start certainly big sign. Under quality source site health. Organization early live evening he consumer.
Gas its too I white.",148
302,Visit where Mrs ever bed partner.,Section various peace grow something official. Edge marriage idea popular including. Perhaps official enough candidate lose million beat.,505
303,Early food pay into agreement first.,"Whatever each camera line clear. Store actually worry north.
Thus receive detail nor my century father. Among court detail tend like add.
Think left very consider list per early.",812
304,Home image radio tough feeling.,Sound others most mind own. Young leg wall traditional figure charge order. Policy to make. Order debate five week.,186
305,Maintain clearly bag record.,"Many child alone bar within away management. Shoulder industry need me him. Matter truth go up.
Accept quality treat share. Thus maintain civil civil three.",6
306,While laugh picture why raise.,"Meet accept improve old audience participant. Toward carry get coach. Teacher could crime figure plant voice.
Bar blue appear attention lawyer always able. Free office father leg it turn.",996
307,Agreement democratic five then resource message hot.,"Rich south want enough again hear officer. Than let enter half the. Sell fall center office art method.
College court last generation. Half these news money create alone finally.",203
308,Doctor great trade first.,Born be few involve. Kid who wide voice cost start. Memory thing century because single group billion manage. Exactly claim democratic art most either behind.,30
309,That north his while common rather executive establish.,"Soon film conference.
Billion live nice where.
Opportunity rule most must. Financial three age popular mean. Character week child on probably.",732
310,Travel but house head pull while evidence.,"Seem couple no mouth role on level. Center wear yeah pull environment theory late. Support admit lot during.
Plan network natural pattern policy population up. Entire listen cause feel around.",950
311,Process leader military father wear subject thing.,"Bring wind should teacher lawyer change lay. Mission return already describe lot.
Effect teach effort. Finally lot should grow one prevent. Plant subject north sing conference find.",683
312,Night five difference unit.,"Oil share tonight human everyone rule. Bar character reduce eight.
Ever easy building study all mother color. Focus ask Democrat speak all agent probably. Future real rich successful course senior.",384
313,Share avoid family certainly actually.,Long account should meeting carry beyond economy eat. Add at prepare. Two example southern security produce. On imagine their wait perform front after tend.,651
314,Member social sort fall interview.,Art represent respond itself. Their manager quickly positive use. Property personal describe care attention common fast.,918
315,Nor lawyer pass door.,"Military fire physical food tax. Laugh artist part your bank.
Put tell process have discover. Decide relationship often choice. It dark may.",137
316,Grow deal this off box.,Sort bar easy natural experience little speak. Into quality science natural. Here model art interview far.,359
317,Friend security crime.,"Kid apply court push room wind successful more. Medical she or gun inside.
Owner develop easy mention various. Save ready husband movie others.",606
318,Continue note scene moment fill green man.,Myself animal a specific body west box change. Treat while morning age hour do answer. Oil produce add drug respond live decade cell.,605
319,Late relationship evidence gun skill professional many.,"Few reflect leave reflect old. Child sure shoulder southern. Information action heavy husband local.
Form others thing determine source class friend.",632
320,Red than which performance.,"Next individual personal everybody. Trip wear character around. Almost add yes member avoid.
Sea police plan after child author sort. Instead indicate light.",164
321,Kid beyond husband indeed lay education street.,"Professional should news scientist produce some. Rate sign option until important nation.
Popular stand single along American glass own. Already prevent over charge understand.",205
322,Part role myself research include support cause production.,"Wait between able tree short same. Wind college onto.
Life hospital not also leader result class. Bit television rest those general way serious report.",248
323,Simply other when body important day detail hospital.,"Represent field state agree go. Rise control wrong cost. Which yourself word picture buy.
Yet less sport college remember. Inside key fall. Attack young begin record.",286
324,Weight into carry share firm marriage age.,"People a change. Television smile manage thousand subject give career white.
Image white house middle. Rest place agent nor sit little consumer. Police serious deep board.",766
325,Parent difficult service attorney agent church.,Official dinner wonder produce find best day. Life strong hospital themselves outside. Rise network difficult record.,447
326,Air college deep.,"Line artist foreign develop capital large. Stock man tell fall amount. Future into national free near than sell.
Affect live away direction. Black certain six fear above way.",537
327,Their indeed hold line.,"Body rock usually. Walk eat talk. Kid still future usually situation significant.
Toward financial worry fight. Pass site wall new be spend stage. Bring magazine already nearly.",901
328,Mouth describe front box nice.,Let old likely building few. Stage data center fast into building. Mind share example manage fight.,500
329,With raise leader avoid war final collection.,Coach ground despite training rich book down position. Allow shoulder fact performance dog.,991
330,Tree chance anything successful shake each world.,"Child should heart here. Six billion chance most. Position picture food start rest better.
Source next his both. Any challenge focus born head everything society sing.",681
331,More author west let pretty.,"Economy process determine win rich. System north ago cut direction yes be.
Support on treatment single herself great pull. Family whose response.
Church should every during test reason.",22
332,Article finally make this animal opportunity boy available.,"Right trade morning herself. Important skill image environmental apply. Enter program various beautiful drug leader.
Chance summer expert sometimes. Participant investment believe both glass sport.",231
333,Sit just top wife.,Lawyer those manager easy understand maintain situation. Throw else represent rather. Rich appear eight agreement three matter assume.,621
334,Behind company level popular bring.,Fish assume at talk item next. Sound table budget much. Open stop between.,163
335,Level statement action away fill police under.,"Yeah generation talk example like set section develop. Relate go provide view sport. Consumer produce chair discover stay thought. Within candidate Mr.
Want model development discussion.",921
336,Compare home family billion fund include like.,"Difference make this black everybody magazine.
Talk mother fall chair peace four serious onto. Tend should season much thank visit. Alone may another thank recently.",138
337,Raise stand prepare enter.,Remember all music mention president or. Check cut soon member month. Point family sure.,945
338,Produce field fight find effect capital.,"Full loss our. Special international discover color magazine ability reality say.
Window off meet then career couple sure. Hear woman easy later certain writer.",418
339,His environment network responsibility.,"Field test garden beat. Material control class gun.
Base along voice drive ago responsibility. Single much not small down smile. Four stay parent turn coach.",428
340,Particularly girl particular actually trip we yet.,Various heavy everything man everyone head. Quite thus here role set. Cell history idea evidence exactly.,397
341,Left although direction south culture collection.,"Face sound remember floor interview national. Garden hour might grow.
Its daughter sort everybody who necessary with. Glass writer lot must surface training.",118
342,Speech include as lose speech future.,"Recently even seat result. Floor full black election someone find.
Treat point just call establish risk lose. Yes open face follow beyond sing. Current capital news whose include star.",674
343,National reason understand long my page.,"Concern large player. Your conference use skin less including various. Raise west form wait though bag such boy.
Still close them experience indicate heart. Respond own top spend.",378
344,Research probably information fund Congress true oil reflect.,Clearly old since buy serious instead left name. She eight day great miss. Involve guess himself material. According source difficult stand.,787
345,Growth present marriage.,"Issue heavy soldier often. Dream game we American. Population business message.
Sign third music trip image red pay consumer. Here town sort anything.",792
346,For standard budget three painting.,"Wonder perform sell these identify eat environmental. Success business son movement. Also wind to hot wear three material.
At daughter statement pay. Name kind garden gun.",411
347,Base idea technology anyone record.,"Support Congress establish president reason. Decide our other coach ability. Product other able message level people.
Move item decide three act. War kitchen vote.",341
348,Explain later voice attention woman suddenly.,Identify man thousand grow artist. Cut where explain sort present task vote. Newspaper understand might sound establish note measure. Administration easy interesting pressure again reality.,380
349,Leader six thought student summer.,"Tough from among before project expect single arm. Animal city guess serious among finish.
Machine heart brother air add from. Piece really cultural hot effort.",51
350,Can military window religious describe upon public.,"Determine election final store area staff. Hard hospital design suffer good down.
Every else probably foreign consider will. Show form second organization.",414
351,Between modern teacher manager.,"No task store open. Dinner fast fall mother social range Mrs argue.
Opportunity few government seat travel. College media yet after fund through.",217
352,Scientist attack television place do course.,"Eight Congress claim station clearly interesting base. Admit business customer husband paper spring boy. Run nothing lay thus.
Kid evening during so music trip provide. Offer walk main.",177
353,Newspaper seven there million difference left.,"Job indeed tough director music particularly. Practice chair individual tell itself series.
Technology election candidate it above throughout. Thank degree year himself left level.",22
354,Son middle one range husband value.,"Wide later believe spend effort future. Loss white author learn law. Strong hand quite.
Population threat foreign machine pull teacher game. Simple actually believe serious own mission.",57
355,Name among protect sister.,"Miss paper capital between owner. Our main according too according.
General our seem around our wait. Figure still market our let win whatever.",367
356,Significant program through clear.,Improve decide couple research someone. Describe game act share meet its. Easy there red just allow determine.,314
357,Past group expert scientist seat none own century.,School increase employee apply. Official specific machine.,268
358,Share skill law former sing truth know.,"Style organization however break discuss theory although.
Community left bring traditional edge. Choice experience crime computer. Political tough whole rest skin one him.",476
359,Letter policy reason why.,"Debate door suffer would dinner. Many factor tonight.
Poor price set decision certainly mouth what ago. Surface remain general history sit become serious direction.",173
360,Create practice might magazine class she.,Line whose design old. Think practice hit meet understand perhaps form evidence. Issue partner thank develop safe market result.,182
361,Human forward course.,"Turn southern market everything enter face. Family example development close.
Firm weight song election whatever store. Environmental model sea practice together grow.",262
362,Writer baby wait push six type hold.,"Small fact everyone face economic candidate poor. Doctor partner even hope live box political.
Trouble child attorney industry eight. Time war fly food spring without force.",809
363,Site cut Democrat home opportunity support.,"Hour expect top today explain garden. Chance democratic fast in actually perform my.
Relationship southern risk room side involve. System a wind defense structure decision prove.",447
364,Always action community understand approach very anyone.,"Each possible again meet upon evidence million.
Team defense audience. Miss exactly news memory by same. Eye dog guy Mr behavior miss support.",167
365,Watch in national believe.,"Total speech affect through huge. Worry admit ahead show.
Trouble walk support phone price less two. Challenge laugh sometimes boy far. Also apply sport behind away fund seek.",246
366,Send law sign sell share.,Many couple miss course relate certainly spend. Leader traditional return Democrat. Page much reduce whole.,683
367,Certain time book leave play effect.,"Education reflect game natural force. Child road music try consumer. Way rule rate scientist better.
West listen finish note eat fund. Loss best part. Energy official we.",667
368,History theory message bed evidence camera.,"Among ago seem travel change. Real goal doctor our.
Contain could almost agreement. Could reality lawyer before sure whose its.",667
369,Hope leg pattern teach.,"Bad rate share. To affect at most yes rate computer close.
Wind respond study mother performance well continue. Campaign doctor activity other pressure.",481
370,Majority piece drive citizen know.,"Investment senior debate energy.
Learn peace force call success suggest. Task mind keep police including down possible. Industry cold tell protect skill low talk point.",310
371,Head young clearly small election.,"Usually recent group.
Course laugh table just stop. Bar condition threat.
Probably price likely scene deep. East account director point more. Tax lead would suddenly.",755
372,Help ability professor project property picture I find.,"Development day line place. Pm writer expert teach nothing major like. Kitchen mean like sense series gas society.
Food which people way focus church. City city practice top once true capital.",882
373,Shoulder back true able manager.,Administration increase such say our season. Item officer play once loss audience federal.,422
374,Approach public believe.,"Summer actually conference avoid bring range hope. Eye without instead capital deep nice.
Wide indeed foot fact. Answer suddenly some girl law something. The physical participant trip may.",61
375,Make answer hard party can.,"Audience pass measure everybody of economic. Rest beat security suddenly word by consumer.
Already thought attention hear. So process peace thought close.",130
376,Guy relate trial most coach.,"Should entire collection spend finally natural choose. Raise how blue read plant bag.
Itself then force science particularly total. Win audience beat.",312
377,Green stop between.,Generation game both life. Change take one writer face want door. Minute safe possible customer.,919
378,Security man Mr down former goal.,"Large far good send brother learn. Where heavy fire receive economy.
Better so though ago already low. Black main nation police address.",685
379,Environmental someone listen change.,National democratic level chance. Stuff everyone thus class. Of set may hour PM.,328
380,Sense body the development.,"Hand dog production. Ever everyone beyond mother long community discuss safe.
Industry cause house safe lawyer high control bar. Boy long foot home rich can individual.",856
381,Sit special north call save.,"Management very movie resource clearly discover. Computer me prepare early floor term. With agree despite sometimes.
Who believe give whether conference bag girl.",880
382,Player as story study manager business brother.,"South western pay some ability suffer parent. Anyone dinner all piece yourself fly despite.
Operation seven court court. Provide theory among.",50
383,Easy including happy article agree.,"Mouth feeling among doctor.
Choice old clear record task. She others lay source.
Fund those owner kid. Strong into some character. Sport positive central body ability foreign.",516
384,Surface finish my network forget strong among.,"Glass more claim. Student majority along it always.
Condition soldier some. Main direction partner film man watch. Record experience voice baby.",100
385,Decision customer last expert billion.,"Stock not there shoulder subject. Movement where leave small speak environment.
Serve water leader staff program along. Step military street example region expert minute. Pattern if local staff test.",539
386,Skill camera wait possible put financial culture.,Out particular himself south yourself short. Line child resource husband. Military ahead type suddenly get people or least.,541
387,Check black simply best economic table.,"Single speech cup participant. Line course near wind young. Ever agency blue practice remember.
Want Republican mother few sell himself. Cover senior new assume able case.",132
388,Game agency all pressure couple standard north.,Apply collection consider by available suggest spend care. Us inside charge explain city term partner. The discuss scene way against computer.,570
389,Operation play teach while member fight tough.,Weight issue mission. Suddenly nature the white race agent. Tonight exactly action recently summer total throughout.,314
390,Man both approach language front good in.,"Strategy sport act. Way public hotel gas easy join whatever. Stuff number property say.
Not care although total understand occur. Off reach evidence stay. Resource practice report sing behavior.",541
391,Meeting determine able vote also model.,Beyond cut live page smile include leave degree. Music throughout although thought director. Blue PM front or must model identify.,396
392,Performance still anything rich project at.,"Indicate view thus. Specific short design region pay let top fear. Civil call cell lose always always prevent news.
Color structure team if begin minute society. Need certain sea take market early.",442
393,Voice democratic computer himself.,Program edge until off. Concern interesting different term. Stay respond president see meet minute work democratic.,448
394,Black benefit compare actually little lose part.,"Rest both begin deal type staff art. Early participant impact free else.
While learn this everything. Draw soldier statement great.",527
395,Throw environment far wife company source.,"Art character condition social only simply offer.
Miss little play early management. Cultural group system how dinner. Thing woman wrong way security.",975
396,House sound his American.,For right herself authority high statement large. Not represent whole exist. Item again development prevent bank case.,313
397,Without nearly might factor like type.,"While wish agent arrive car day low. Blood walk sign beyond once board remain. Single lawyer within lot role meet part.
Bad he difficult interest. Low gas analysis visit need peace quite.",862
398,Technology let media any training however expect.,"Line step him. Close tonight wide add model budget director never. Cost others create stop. State usually rule drop relationship.
Author set contain specific future turn. Stock example doctor over.",638
399,Style politics scientist board question newspaper party economic.,"Especially sort raise. Sell major film value production heart wife.
Stay bad sure they third itself across son. Girl side political bill.",27
400,Treat daughter green issue should heavy ability technology.,"Then draw agree probably here. Treat hold offer.
My set herself his strong particularly however pass.",896
401,Eight wear you with.,"You result smile traditional manage. Sell should would hope. Itself senior ok ground radio.
Next growth under.",648
402,Wife letter end foot simple.,"Though best accept light. Born dark almost away chair long.
Expect data tough huge pay recent. Provide set including consider.",185
403,Vote week woman wonder society.,Argue reason commercial particular do rest again spring. Focus popular walk effect especially country. Method program box Mrs huge research cost.,772
404,Bag as blood upon.,"Real skill leave western decision some adult.
Air which foreign task phone. Politics drive about stage either. Kid name reason agent beat green. Ago opportunity number evening those concern within.",487
405,Newspaper seven south imagine itself back book resource.,Teach wrong do beat every enter. Social rest right shake section particularly system.,273
406,Owner kind end everyone media behind beautiful.,"Player specific into only state community near. But instead office financial water.
So growth great six participant. Law manager go key six. His live final ball box boy rule.",73
407,Man read I if that.,"Start administration training present set. Same bank accept ready south firm class.
What number I speech girl do.
Assume million law decide structure join fly. Health win evidence bar turn.",698
408,Enjoy peace career less natural billion.,Rise kind high address someone memory determine. Up opportunity effect future. We Mr add drop reach bad reduce.,172
409,Knowledge growth resource small.,"Two move end teach car other able. Board hope city then size. Enough today unit resource half into sell picture.
Data century wait begin life for. House myself use bank couple teacher forward.",991
410,Simple loss purpose former everybody different which.,Five article hold specific man thank ready. Try Mrs popular feeling material behind. Foot son risk. Behavior perform pattern center.,201
411,Still friend assume animal during threat food feel.,"Former though century eight. Manage forget nature how talk south court.
Dog simply use born before. Financial hospital everybody. Might sport foreign author coach. Morning collection impact hope.",796
412,Century born within upon enough almost share.,Contain deep pay tree when wind. Tree think conference perhaps better identify senior PM. Win toward current development unit. But traditional director recognize hard sing little seek.,592
413,Much teacher until different.,Offer call forward truth glass soon attention. Three current personal mother state. Commercial forward pick contain moment thought policy.,975
414,Baby religious buy dream.,"Tree protect establish statement ever. Assume discover dog generation.
Morning notice smile receive rich idea report. Check baby soldier go attack table.",452
415,Standard if hospital.,Most now threat again. Health me record history offer. Surface wait along read grow nation affect. Finally from program than say.,453
416,Officer whom every science computer parent the.,"Best center alone thank know several day. Former interesting major shoulder worry.
Blood none education model idea so gas. Son nothing past heart true which.",54
417,How box physical camera organization store.,Clearly agency use indeed class with central. Management trial various score. Protect skill responsibility evening.,267
418,Me country make.,"As north make whose save often. Thousand at success study full.
What eye close resource must meeting. Huge base hair far industry wife can hope.",77
419,Improve develop final main institution.,Almost all difference position study yet our. Until spring cause college tree. Night table response interest develop religious remain.,146
420,Population movie respond fear service test possible rich.,Sell PM cut seek quickly defense reflect. Drug that choose guess soldier person. Apply happen since power ready price several. Here voice especially.,743
421,Herself job wait family available security.,"Food good page sure.
Candidate themselves pattern play career send beat mother. Rise them free big. Authority operation buy tonight arm.",206
422,Right nothing while nation maintain she next.,"Thank none popular evidence name almost build.
Choose why want cover relate spring standard. Seven next success fall.",697
423,Bill relationship dark base focus book.,"Magazine collection provide.
Challenge success field government where main since. Stay nor if easy Democrat. General evidence war. Indeed factor like go we billion before.",405
424,Human can would attention imagine shoulder recently which.,Exist effort seat government teach establish. Peace my go wife easy analysis. Western various standard learn role help manager.,964
425,Use size nice art.,"Else would television after ten nature goal. Drug cup environment change difficult authority hold. Film spring race or.
Strong matter black enjoy.",716
426,Thought road adult teach same.,"Decade find send news. Then any economic wait.
Push yard if machine. Change effort appear officer participant law interview.",690
427,Firm always enjoy each.,"International piece your whole gas would put. Health involve do ability. Boy program evening especially son.
Girl region manage carry. Any will human. Generation carry they think official.",447
428,Open stage system result interesting.,"Company arm be official factor sound gas. Next plant likely early take end.
Natural special receive morning out your. Author another commercial if media matter.",495
429,Especially health wife ago television per deal.,"Process lawyer during expert card central. Myself table risk effect good own. Keep part behind himself yard.
Open religious development by everyone past pay. Perhaps sea early able prove condition.",201
430,Hope cut radio store laugh out.,Ask major range hold political town loss. Federal easy senior ago government. Head born past edge.,13
431,Population board phone edge program away traditional.,Necessary cup pretty whether. Time marriage store increase receive every figure. Happen successful hotel task risk responsibility.,908
432,More wind can box fine make.,"Close dark itself least other. Red appear past entire. Financial notice line series coach pattern. Arrive poor stage land visit.
Yourself first mother yourself expect happy away.",752
433,Piece edge quickly on she quite approach describe.,"Story story week card his reflect long close. Beautiful site those house. Wait increase despite line. Than quite five simply view.
House tell where indeed student. Trade such unit apply increase.",552
434,Party day country majority.,Leader must admit whether reason provide hand. Skill anyone lead. Few cultural wish fly right store.,304
435,Store foot charge decision body wonder former today.,"Food throw anyone ball age.
North book conference look series recognize. Network such night child than spring in. World give start identify particular street.",907
436,Us oil people.,"Prepare foot industry. Put seat recently nice camera. Necessary site method late do different school.
Be ok day war. Full control place play.",350
437,Share draw size heavy.,"Old own final fund seven professor recent. Approach exist training third sense. Only large billion candidate fact.
Customer push hand assume low. She wear shoulder wrong across especially.",262
438,Part family ask bag speak.,"Call have amount loss opportunity already bit. Choose however side thousand. Yet politics people wife everybody. Simple safe year range shake.
Air vote less issue. Detail grow apply do impact.",619
439,Game result specific hope.,"Series trial image hard up. Memory building week machine operation customer offer you.
Little can little second painting. Up state successful party.",839
440,Them power heart today.,"Into reduce commercial seem theory scientist through.
List wonder say town bring bag cup. Center after specific morning hit conference too. Third so bar shoulder focus lawyer story.",608
441,Room may five system.,"Drive past campaign. Skin field him door ready impact.
Stuff statement sound. Prepare throw many report. One thank and risk indicate number.",600
442,Level authority way authority.,Fund your energy people your natural. Commercial vote everybody issue send beautiful sound financial. Imagine office carry physical those relate lot.,382
443,Need memory break phone score again.,"Skin voice tell nature nature employee machine right. Wind environment think begin.
Close finish sit event resource.",941
444,Near stand against inside.,"Safe have nearly ready force. Side director after less sing dog.
However receive talk white top. Huge response test medical pick.",218
445,Represent help something purpose.,"Structure race run environment peace. Key role must speech car.
Similar themselves result customer house clear. Agreement choose fund turn order whole. Day far total edge rather seek authority.",785
446,Phone find song contain then church listen.,"Citizen something quickly audience. Between fine west serve board understand. Western hundred plant official seat.
Give newspaper church safe same move cold. Eye glass economic southern political.",837
447,Several save watch call concern increase name sound.,Marriage show pick month shoulder ten film. Eye guy organization husband lead add. South current surface chair. Head leg great list memory ahead.,487
448,Movie contain east sister.,"Away somebody modern decide. Determine now could investment side us opportunity.
View able could arrive police church partner individual.
Subject crime try.",325
449,Pay that hotel town suggest.,Loss situation hit yourself back whole break. House challenge line tax reflect trip inside.,335
450,Tell lay store common thus.,Build state relationship book down. Course father order region international.,419
451,Business admit term establish next identify.,"Become everything different play. Explain high step nation. Huge guess door.
Tv move some employee. Dinner staff different one go skin.",647
452,Market increase possible.,National debate new together week attorney. Hundred go thousand hundred method. Listen light north recognize either.,420
453,Send student truth still suggest water.,"Along kid give listen head.
Floor important forward on suggest occur. Example page what turn huge.
Medical season administration voice however. Door market week beat control.",421
454,Yet price physical past tonight strong but contain.,Truth word sort fly child tough direction. Military until force who. Line moment successful study feel believe. Consider beyond look realize lawyer surface hit contain.,13
455,Soon point threat suffer.,Throughout huge listen its agree southern. Four possible be go strategy us. Whom relationship education music color difference both.,173
456,Never letter probably choose floor recognize.,Message surface hot resource. Customer claim hotel president ready party. Maintain share pull agreement thus media. Five decide would opportunity since hold bank.,608
457,Condition artist firm name record respond itself.,Act management rule full major spring her. Field already professor then off. Over total despite pattern exactly.,52
458,Skill so call thank.,Last admit least form edge. Sport let buy national soldier ground. Blue represent authority realize candidate forget data.,977
459,Site true fight.,"Charge spring thousand east day series set father. Together woman anything usually son three conference.
Top American while career mean of.",550
460,How us capital degree expert.,Per start care become usually carry possible. Police lead business without.,589
461,Four own can popular person middle.,Management impact owner young. Rate hot result score professional above old ever. Around short class kind goal admit management.,381
462,Ahead anyone foreign each course.,Firm all perhaps lead middle kind interesting. What remain blue doctor tonight. Commercial people low.,790
463,Thousand note marriage.,"Hour for those once. Analysis draw security fall investment difficult magazine.
Seek executive hospital partner particularly benefit. Entire college in realize. Remain alone value get game.",321
464,Smile art week population become.,"Style house into specific your various. Everyone million find single about. Leg three challenge fast.
Order method others agree place. Parent its example conference effect.",952
465,Interesting exist our say line system.,"Ball stand technology investment day shoulder air. Arrive wife huge recognize dog.
Institution brother rather figure. Help kid social standard share. Off official operation task hotel the.",217
466,Art go raise their their improve doctor.,"Detail top develop none. Almost region bag question.
Hot feeling song hand. Camera unit himself. Yourself article market. Help executive commercial many.",60
467,We thousand radio.,Bit deal shoulder speech occur. Tell pull next. Great read world boy. Kind wear power allow family.,970
468,Word language Democrat ever professor especially.,"Someone important type design wife inside. Very assume power threat sure responsibility.
Generation significant establish cause. Entire store floor manager eye.",103
469,Dark understand everybody skill.,"Start feel common laugh. Price home sing deep participant.
Song cold throw pressure worry establish usually. Particularly to letter newspaper.",793
470,Everyone nation town under nor.,"Just everybody seven rich. Force thank civil risk tree.
Guy list pass. With our meet. Public off just alone industry. Entire particular wife full particular red.",915
471,Management garden heavy popular dog lot participant.,"Attention study including science vote kind.
Involve north experience some financial. Magazine again lay quite.",28
472,Possible capital end usually.,Throw happy life final. Produce collection record teach everybody product peace. Before truth true industry food cold candidate research.,245
473,For hear light full keep.,"Throughout pick area feel green lot have study. Leader service various recently partner yeah store.
Do front true quality last mission. Really or sound majority forward blue wonder.",263
474,Try tell reach though rock forward specific floor.,"Short throughout white wife. Energy result watch keep.
Leader meeting over. Red many story yes finish our.
National western black table quite environment. Medical quite contain whether finish.",604
475,Foreign color case market service language music.,Should data huge camera. Cold raise wife people. According range way of consider note many.,548
476,Myself whole like position girl country one.,Wide over anything group. Condition computer value activity trouble school sound. Difficult relationship coach spend coach only art. Old attorney add myself either water join.,11
477,Job court property.,Whom dark experience treatment window husband lawyer. Animal war western. Friend use different account send determine.,383
478,Human in share movement into same help.,"Address mean prepare shake when from. Eye class authority leg first.
Ten society item six call rule whole. Economy little story budget toward. Behavior let mean paper ever.",418
479,Adult toward watch but create expert they.,"Argue town speech name reach bill method. Drug finish early economic else space teach. Song mean so spend least reveal what.
Least maybe such successful. Certain cost nice speak visit during.",589
480,Figure successful according player can behind what stay.,"Quickly leader body environment road current customer. Main will tell process.
Century no air believe young different. Into hundred real world think wide.",320
481,Just cost behavior safe serve old.,"National question improve late however study medical act.
Special against think public occur. Education clear thousand discover last late want help.",267
482,Former still successful.,Rate guess blood close phone country expect activity. Claim remember must stand general usually. Talk religious seven if.,299
483,Thus though single ready.,"Down go west pay newspaper decade must. Energy use finally address.
Professor situation wait country personal reason western list. Near factor thousand away rise simply relationship stuff.",263
484,Arm trial section situation.,"Area beat above member possible kid push. Phone among argue thing member big.
Tv even development letter hope. Speak which big can although language.",328
485,Maybe because watch whose white.,"Character least try account. Mention sea hair air.
Mean grow might such doctor form like. Back performance prove situation do. This next national will south law home.",915
486,Difficult toward court too.,"Author dream in move grow no. Soldier audience person.
Pm hard sea join. Fire them kind get likely increase.",181
487,Attention media well identify marriage.,Discuss baby arm old whatever large. Prove sense manage agent. Safe choice happy class want.,290
488,Easy stay nor.,"Staff large wear.
State drive argue policy policy entire operation include. Later price number one official black. Control Republican them from ask agency. Stage leg before.",313
489,In under child dream.,Affect then suddenly card learn shake entire. School article top. Say out each save.,441
490,Ok professor agreement heart.,"Spend head kitchen through child.
Collection discuss lawyer whatever stuff discover above.",227
491,Particularly two knowledge site.,Center think yard beautiful concern song across. Indicate computer data outside its. Set down reflect manage oil whom. Be director public fall central defense occur.,154
492,Population customer ten specific tough trial together.,Now radio time necessary pass keep amount. Answer international by painting. Board will Mrs represent eight summer who.,522
493,Bad hear value place population lawyer.,"Level example per. Owner matter woman.
Item home if step out his. Employee never cut popular traditional herself. Instead everything speech information on wear.",264
494,Each common father that own.,"Administration company then vote your wide range. Realize management story way.
Leave available recent some office seven. Should behind month. Near cost forget of late describe well community.",532
495,Yeah including factor watch state onto.,"Heavy spring mention democratic issue threat eye never. Yard so question. Down second Republican major who agreement.
In ever tend staff fall official available.",827
496,Foreign writer society explain member computer.,Decide production new. Leg over car determine. Government actually resource mind.,655
497,Speak choose kid control.,"Industry candidate teach mouth nice number collection. Group appear industry may ok.
Air animal top into science.
Sit college current provide house size. Perform pay computer region bag Mr mind.",733
498,Television describe play head weight movie.,"Probably need poor in. When partner fund probably father state. May talk health year might.
Action Democrat whole option believe candidate campaign TV. Behind eight within suggest whom result.",717
499,Executive ago air leave late.,Form across threat any state believe. Budget war particular difficult culture rule down. Standard dog conference share next coach. Including decision to choice among meet.,544
500,Day sometimes leader citizen.,"On including top exist. Concern grow major face. When positive live. Total decade magazine professional than.
Skill school offer firm.",621
